"tripeptides","estimated_solubility","PredGCN","Pred_taste"
"GPI","Poor water solubility.",1,"bitter"
"GPP","Poor water solubility.",1,"bitter"
"GPF","Poor water solubility.",1,"bitter"
"PFF","Poor water solubility.",1,"bitter"
"LPL","Poor water solubility.",0,"not bitter"
"FPI","Poor water solubility.",1,"bitter"
"PII","Poor water solubility.",1,"bitter"
"PFI","Poor water solubility.",1,"bitter"
"VRG","Good water solubility.",0,"not bitter"
"IIV","Poor water solubility.",1,"bitter"
"PVR","Good water solubility.",0,"not bitter"
"LVY","Poor water solubility.",0,"not bitter"
"VPP","Poor water solubility.",1,"bitter"
"SLV","Poor water solubility.",1,"bitter"
"IPN","Poor water solubility.",0,"not bitter"
"PFL","Poor water solubility.",1,"bitter"
"PLL","Poor water solubility.",0,"not bitter"
"VLG","Poor water solubility.",1,"bitter"
"HLP","Poor water solubility.",0,"not bitter"
"PVL","Poor water solubility.",0,"not bitter"
"AQT","Poor water solubility.",0,"not bitter"
"QTQ","Good water solubility.",0,"not bitter"
"TQS","Good water solubility.",0,"not bitter"
"QSL","Poor water solubility.",0,"not bitter"
"VVP","Poor water solubility.",1,"bitter"
"PEV","Good water solubility.",1,"bitter"
"GGG","Poor water solubility.",1,"bitter"
"APF","Poor water solubility.",0,"not bitter"
"HPF","Poor water solubility.",0,"not bitter"
"FPE","Good water solubility.",1,"bitter"
"PNS","Good water solubility.",1,"bitter"
"QDK","Good water solubility.",0,"not bitter"
"EVF","Good water solubility.",1,"bitter"
"IHP","Poor water solubility.",0,"not bitter"
"PFA","Poor water solubility.",0,"not bitter"
"FAQ","Poor water solubility.",0,"not bitter"
"LPQ","Poor water solubility.",0,"not bitter"
"LHL","Poor water solubility.",0,"not bitter"
"ALP","Poor water solubility.",0,"not bitter"
"QTP","Good water solubility.",0,"not bitter"
"FYP","Poor water solubility.",1,"bitter"
"PEL","Good water solubility.",0,"not bitter"
"PVV","Poor water solubility.",1,"bitter"
"PGF","Poor water solubility.",1,"bitter"
"RPP","Good water solubility.",1,"bitter"
"YPE","Good water solubility.",0,"not bitter"
"LLQ","Poor water solubility.",1,"bitter"
"DKI","Good water solubility.",0,"not bitter"
"LEQ","Good water solubility.",1,"bitter"
"VAP","Poor water solubility.",0,"not bitter"
"VFG","Poor water solubility.",1,"bitter"
"NAL","Poor water solubility.",1,"bitter"
"LQS","Poor water solubility.",0,"not bitter"
"FFP","Poor water solubility.",1,"bitter"
"NSL","Poor water solubility.",1,"bitter"
"RRP","Good water solubility.",1,"bitter"
"FLQ","Poor water solubility.",1,"bitter"
"TPV","Poor water solubility.",1,"bitter"
"PPL","Poor water solubility.",0,"not bitter"
"TQT","Poor water solubility.",0,"not bitter"
"PFG","Poor water solubility.",1,"bitter"
"KIH","Good water solubility.",0,"not bitter"
"FRP","Good water solubility.",1,"bitter"
"FFR","Good water solubility.",1,"bitter"
"MPF","Poor water solubility.",1,"bitter"
"PVE","Good water solubility.",1,"bitter"
"PKY","Good water solubility.",0,"not bitter"
"PQN","Good water solubility.",0,"not bitter"
"KYP","Good water solubility.",0,"not bitter"
"YPV","Poor water solubility.",1,"bitter"
"NLH","Poor water solubility.",0,"not bitter"
"GGR","Good water solubility.",1,"bitter"
"VEP","Good water solubility.",1,"bitter"
"EPF","Good water solubility.",1,"bitter"
"QNI","Poor water solubility.",0,"not bitter"
"PIH","Poor water solubility.",0,"not bitter"
"NIP","Poor water solubility.",1,"bitter"
"PLT","Poor water solubility.",0,"not bitter"
"LTQ","Poor water solubility.",0,"not bitter"
"SLP","Poor water solubility.",0,"not bitter"
"QYL","Poor water solubility.",0,"not bitter"
"ELF","Good water solubility.",1,"bitter"
"EQL","Good water solubility.",1,"bitter"
"YFY","Poor water solubility.",1,"bitter"
"QPV","Poor water solubility.",0,"not bitter"
"LLR","Good water solubility.",1,"bitter"
"QLL","Poor water solubility.",1,"bitter"
"YQQ","Poor water solubility.",0,"not bitter"
"ENL","Good water solubility.",0,"not bitter"
"YLE","Good water solubility.",1,"bitter"
"IHN","Poor water solubility.",0,"not bitter"
"PQV","Poor water solubility.",0,"not bitter"
"QVF","Poor water solubility.",0,"not bitter"
"VPQ","Poor water solubility.",0,"not bitter"
"PVP","Poor water solubility.",1,"bitter"
"LPF","Poor water solubility.",1,"bitter"
"LPV","Poor water solubility.",0,"not bitter"
"QPE","Good water solubility.",0,"not bitter"
"EPV","Good water solubility.",1,"bitter"
"QEP","Good water solubility.",0,"not bitter"
"LGY","Poor water solubility.",1,"bitter"
"VLP","Poor water solubility.",0,"not bitter"
"VEN","Good water solubility.",1,"bitter"
"GYL","Poor water solubility.",1,"bitter"
"FVA","Poor water solubility.",0,"not bitter"
"QQP","Good water solubility.",0,"not bitter"
"KEM","Good water solubility.",0,"not bitter"
"PQY","Poor water solubility.",0,"not bitter"
"EMP","Good water solubility.",0,"not bitter"
"FPQ","Poor water solubility.",0,"not bitter"
"PIV","Poor water solubility.",1,"bitter"
"GKE","Good water solubility.",0,"not bitter"
"VLN","Poor water solubility.",1,"bitter"
"IPF","Poor water solubility.",1,"bitter"
"KTE","Good water solubility.",0,"not bitter"
"TEI","Good water solubility.",1,"bitter"
"DKT","Good water solubility.",0,"not bitter"
"NQD","Good water solubility.",1,"bitter"
"KNQ","Good water solubility.",0,"not bitter"
"FAL","Poor water solubility.",0,"not bitter"
"KKN","Good water solubility.",0,"not bitter"
"PKK","Good water solubility.",1,"bitter"
"IPT","Poor water solubility.",1,"bitter"
"IVL","Poor water solubility.",1,"bitter"
"NPW","Poor water solubility.",0,"not bitter"
"GIN","Poor water solubility.",0,"not bitter"
"EIP","Good water solubility.",1,"bitter"
"LYQ","Poor water solubility.",0,"not bitter"
"PTI","Poor water solubility.",1,"bitter"
"YQE","Good water solubility.",0,"not bitter"
"GTQ","Good water solubility.",0,"not bitter"
"LGT","Poor water solubility.",0,"not bitter"
"VPL","Poor water solubility.",0,"not bitter"
"HPH","Poor water solubility.",0,"not bitter"
"TIN","Poor water solubility.",1,"bitter"
"GIG","Poor water solubility.",1,"bitter"
"EVM","Good water solubility.",0,"not bitter"
"GRG","Good water solubility.",1,"bitter"
"IVG","Poor water solubility.",1,"bitter"
"VGG","Poor water solubility.",1,"bitter"
"HQP","Poor water solubility.",0,"not bitter"
"FGP","Poor water solubility.",1,"bitter"
"MAP","Poor water solubility.",0,"not bitter"
"QKA","Good water solubility.",0,"not bitter"
"FFV","Poor water solubility.",1,"bitter"
"HNS","Good water solubility.",0,"not bitter"
"YPQ","Poor water solubility.",0,"not bitter"
"VPY","Poor water solubility.",1,"bitter"
"KAV","Good water solubility.",0,"not bitter"
"PQK","Good water solubility.",0,"not bitter"
"HKE","Good water solubility.",0,"not bitter"
"IFP","Poor water solubility.",1,"bitter"
"PKH","Good water solubility.",1,"bitter"
"YLG","Poor water solubility.",1,"bitter"
"IIP","Poor water solubility.",1,"bitter"
"VII","Poor water solubility.",1,"bitter"
"AYF","Poor water solubility.",0,"not bitter"
"NLL","Poor water solubility.",0,"not bitter"
"KHK","Good water solubility.",1,"bitter"
"QSW","Poor water solubility.",0,"not bitter"
"YLK","Good water solubility.",0,"not bitter"
"EEL","Good water solubility.",1,"bitter"
"EKV","Good water solubility.",0,"not bitter"
"EVL","Good water solubility.",1,"bitter"
"SKG","Good water solubility.",0,"not bitter"
"LEE","Good water solubility.",1,"bitter"
"ELE","Good water solubility.",1,"bitter"
"GFI","Poor water solubility.",1,"bitter"
"KGL","Good water solubility.",0,"not bitter"
"YGL","Poor water solubility.",1,"bitter"
"KEK","Good water solubility.",0,"not bitter"
"PQE","Good water solubility.",0,"not bitter"
"ARH","Good water solubility.",0,"not bitter"
"KPI","Good water solubility.",0,"not bitter"
"PKP","Good water solubility.",0,"not bitter"
"PFS","Poor water solubility.",0,"not bitter"
"FSQ","Poor water solubility.",0,"not bitter"
"SQL","Poor water solubility.",0,"not bitter"
"PFN","Poor water solubility.",1,"bitter"
"NQL","Poor water solubility.",1,"bitter"
"GLF","Poor water solubility.",1,"bitter"
"PFD","Good water solubility.",1,"bitter"
"FDQ","Good water solubility.",0,"not bitter"
"DQL","Good water solubility.",1,"bitter"
"RHP","Good water solubility.",0,"not bitter"
"AKY","Good water solubility.",0,"not bitter"
"IAM","Poor water solubility.",0,"not bitter"
"AME","Good water solubility.",0,"not bitter"
"VEV","Good water solubility.",1,"bitter"
"VFA","Poor water solubility.",0,"not bitter"
"APP","Poor water solubility.",0,"not bitter"
"YYV","Poor water solubility.",0,"not bitter"
"YVP","Poor water solubility.",0,"not bitter"
"KVN","Good water solubility.",0,"not bitter"
"VNE","Good water solubility.",1,"bitter"
"LKT","Good water solubility.",0,"not bitter"
"TDV","Good water solubility.",1,"bitter"
"DVE","Good water solubility.",1,"bitter"
"TQY","Poor water solubility.",0,"not bitter"
"QYT","Poor water solubility.",0,"not bitter"
"YTD","Good water solubility.",1,"bitter"
"TDA","Good water solubility.",1,"bitter"
"DAP","Good water solubility.",0,"not bitter"
"APS","Good water solubility.",0,"not bitter"
"PSF","Poor water solubility.",0,"not bitter"
"II","Poor water solubility.",1,"bitter"
"APH","Poor water solubility.",0,"not bitter"
"PHG","Poor water solubility.",0,"not bitter"
"HGK","Good water solubility.",0,"not bitter"
"GPK","Good water solubility.",0,"not bitter"
"FFI","Poor water solubility.",1,"bitter"
"IAR","Good water solubility.",0,"not bitter"
"NIA","Poor water solubility.",0,"not bitter"
"FPV","Poor water solubility.",1,"bitter"
"MEK","Good water solubility.",0,"not bitter"
"PAV","Poor water solubility.",0,"not bitter"
"AVF","Poor water solubility.",0,"not bitter"
"NEN","Good water solubility.",0,"not bitter"
"SAE","Good water solubility.",0,"not bitter"
"AEF","Good water solubility.",1,"bitter"
"EFG","Good water solubility.",1,"bitter"
"SPP","Good water solubility.",0,"not bitter"
"PVI","Poor water solubility.",1,"bitter"
"ENI","Good water solubility.",1,"bitter"
"FLE","Good water solubility.",1,"bitter"
"FIL","Poor water solubility.",1,"bitter"
"ILL","Poor water solubility.",1,"bitter"
"LLE","Good water solubility.",1,"bitter"
"LEG","Good water solubility.",1,"bitter"
"EGV","Good water solubility.",1,"bitter"
"LFR","Good water solubility.",0,"not bitter"
"KLH","Good water solubility.",0,"not bitter"
"LHE","Good water solubility.",0,"not bitter"
"HEN","Good water solubility.",0,"not bitter"
"RGG","Good water solubility.",1,"bitter"
"PHP","Poor water solubility.",0,"not bitter"
"VPS","Poor water solubility.",0,"not bitter"
"PEP","Good water solubility.",0,"not bitter"
"DEP","Good water solubility.",1,"bitter"
"EPN","Good water solubility.",0,"not bitter"
"WNQ","Poor water solubility.",0,"not bitter"
"PWN","Poor water solubility.",0,"not bitter"
"GGI","Poor water solubility.",1,"bitter"
"LPS","Poor water solubility.",0,"not bitter"
"AMA","Poor water solubility.",0,"not bitter"
"IGN","Poor water solubility.",0,"not bitter"
"GNH","Poor water solubility.",0,"not bitter"
"KPP","Good water solubility.",1,"bitter"
"LPR","Good water solubility.",0,"not bitter"
"QGP","Poor water solubility.",0,"not bitter"
"YQG","Poor water solubility.",0,"not bitter"
"DIK","Good water solubility.",0,"not bitter"
"IKQ","Good water solubility.",0,"not bitter"
"KQM","Good water solubility.",0,"not bitter"
"VIP","Poor water solubility.",1,"bitter"
"KVL","Good water solubility.",0,"not bitter"
"LPE","Good water solubility.",0,"not bitter"
"YLY","Poor water solubility.",1,"bitter"
"LQY","Poor water solubility.",0,"not bitter"
"YLQ","Poor water solubility.",1,"bitter"
"TDE","Good water solubility.",1,"bitter"
"DTD","Good water solubility.",1,"bitter"
"NQV","Poor water solubility.",0,"not bitter"
"TVM","Poor water solubility.",0,"not bitter"
"YIP","Poor water solubility.",0,"not bitter"
"IPI","Poor water solubility.",0,"not bitter"
"WMH","Poor water solubility.",0,"not bitter"
"MHQ","Poor water solubility.",0,"not bitter"
"QPH","Poor water solubility.",0,"not bitter"
"PHQ","Poor water solubility.",0,"not bitter"
"QPL","Poor water solubility.",0,"not bitter"
"RFF","Good water solubility.",1,"bitter"
"PPT","Poor water solubility.",0,"not bitter"
"PTV","Poor water solubility.",1,"bitter"
"VMF","Poor water solubility.",0,"not bitter"
"QVK","Good water solubility.",0,"not bitter"
"MFP","Poor water solubility.",1,"bitter"
"PPQ","Poor water solubility.",0,"not bitter"
"PIG","Poor water solubility.",0,"not bitter"
"PPI","Poor water solubility.",0,"not bitter"
"RGF","Good water solubility.",1,"bitter"
"RLK","Good water solubility.",0,"not bitter"
"LKK","Good water solubility.",0,"not bitter"
"DYY","Good water solubility.",1,"bitter"
"LDY","Good water solubility.",1,"bitter"
"EPI","Good water solubility.",0,"not bitter"
"GPE","Good water solubility.",0,"not bitter"
"DVP","Good water solubility.",1,"bitter"
"SFM","Poor water solubility.",0,"not bitter"
"TPI","Poor water solubility.",1,"bitter"
"DGM","Good water solubility.",0,"not bitter"
"GML","Poor water solubility.",0,"not bitter"
"QQK","Good water solubility.",0,"not bitter"
"QKP","Good water solubility.",0,"not bitter"
"KPV","Good water solubility.",0,"not bitter"
"PVA","Poor water solubility.",0,"not bitter"
"VAL","Poor water solubility.",0,"not bitter"
"FFS","Poor water solubility.",0,"not bitter"
"FSD","Good water solubility.",1,"bitter"
"SDK","Good water solubility.",0,"not bitter"
"PHL","Poor water solubility.",0,"not bitter"
"KIA","Good water solubility.",0,"not bitter"
"KYI","Good water solubility.",0,"not bitter"
"TTM","Poor water solubility.",0,"not bitter"
"TMP","Poor water solubility.",0,"not bitter"
"MPL","Poor water solubility.",0,"not bitter"
"IQK","Good water solubility.",0,"not bitter"
"QKE","Good water solubility.",0,"not bitter"
"KED","Good water solubility.",0,"not bitter"
"LPW","Poor water solubility.",0,"not bitter"
"YQT","Poor water solubility.",0,"not bitter"
"RYL","Good water solubility.",0,"not bitter"
"ERY","Good water solubility.",0,"not bitter"
"VMG","Poor water solubility.",0,"not bitter"
"MGV","Poor water solubility.",0,"not bitter"
"GVS","Poor water solubility.",0,"not bitter"
"VSK","Good water solubility.",0,"not bitter"
"INT","Poor water solubility.",1,"bitter"
"NTI","Poor water solubility.",1,"bitter"
"TIA","Poor water solubility.",0,"not bitter"
"IAS","Poor water solubility.",0,"not bitter"
"ASG","Good water solubility.",0,"not bitter"
"SGE","Good water solubility.",1,"bitter"
"EPT","Good water solubility.",0,"not bitter"
"VPN","Poor water solubility.",1,"bitter"
"IGG","Poor water solubility.",1,"bitter"
"LSF","Poor water solubility.",0,"not bitter"
"HLS","Poor water solubility.",0,"not bitter"
"NEL","Good water solubility.",1,"bitter"
"DGF","Good water solubility.",1,"bitter"
"FPR","Good water solubility.",1,"bitter"
"EIV","Good water solubility.",1,"bitter"
"IVP","Poor water solubility.",1,"bitter"
"NQE","Good water solubility.",1,"bitter"
"IGV","Poor water solubility.",1,"bitter"
"GVN","Poor water solubility.",1,"bitter"
"VNQ","Poor water solubility.",1,"bitter"
"QEL","Good water solubility.",1,"bitter"
"ELA","Good water solubility.",1,"bitter"
"DAY","Good water solubility.",0,"not bitter"
"PSG","Good water solubility.",0,"not bitter"
"YPS","Poor water solubility.",0,"not bitter"
"AYP","Poor water solubility.",0,"not bitter"
"LDA","Good water solubility.",1,"bitter"
"QLD","Good water solubility.",1,"bitter"
"AQQ","Good water solubility.",0,"not bitter"
"MIG","Poor water solubility.",0,"not bitter"
"SGA","Good water solubility.",0,"not bitter"
"QSV","Poor water solubility.",0,"not bitter"
"PQS","Good water solubility.",0,"not bitter"
"EEE","Good water solubility.",1,"bitter"
"SQS","Good water solubility.",0,"not bitter"
"LLY","Poor water solubility.",1,"bitter"
"SVL","Poor water solubility.",0,"not bitter"
"EPM","Good water solubility.",0,"not bitter"
"DIA","Good water solubility.",1,"bitter"
"PMI","Poor water solubility.",0,"not bitter"
"LSK","Good water solubility.",0,"not bitter"
"QAF","Poor water solubility.",0,"not bitter"
"EDI","Good water solubility.",1,"bitter"
"IQA","Poor water solubility.",0,"not bitter"
"PIQ","Poor water solubility.",0,"not bitter"
"GAW","Poor water solubility.",0,"not bitter"
"MPI","Poor water solubility.",0,"not bitter"
"AWY","Poor water solubility.",0,"not bitter"
"LTD","Good water solubility.",1,"bitter"
"TLT","Poor water solubility.",0,"not bitter"
"SKV","Good water solubility.",0,"not bitter"
"QSK","Good water solubility.",0,"not bitter"
"LSQ","Poor water solubility.",0,"not bitter"
"SLS","Poor water solubility.",1,"bitter"
"DMP","Good water solubility.",0,"not bitter"
"HAQ","Poor water solubility.",0,"not bitter"
"IHA","Poor water solubility.",0,"not bitter"
"GIH","Poor water solubility.",0,"not bitter"
"QGI","Poor water solubility.",0,"not bitter"
"ELS","Good water solubility.",1,"bitter"
"HIQ","Poor water solubility.",0,"not bitter"
"SFS","Poor water solubility.",0,"not bitter"
"SDI","Good water solubility.",1,"bitter"
"EAM","Good water solubility.",0,"not bitter"
"KEA","Good water solubility.",0,"not bitter"
"VKE","Good water solubility.",0,"not bitter"
"DIP","Good water solubility.",1,"bitter"
"PNP","Poor water solubility.",0,"not bitter"
"NPI","Poor water solubility.",0,"not bitter"
"IGS","Poor water solubility.",0,"not bitter"
"GSE","Good water solubility.",1,"bitter"
"SEN","Good water solubility.",1,"bitter"
"ENS","Good water solubility.",1,"bitter"
"NSE","Good water solubility.",1,"bitter"
"SEK","Good water solubility.",0,"not bitter"
"LPA","Poor water solubility.",0,"not bitter"
"QPF","Poor water solubility.",0,"not bitter"
"SMK","Good water solubility.",0,"not bitter"
"GGE","Good water solubility.",1,"bitter"
"VQP","Poor water solubility.",0,"not bitter"
"KEP","Good water solubility.",0,"not bitter"
"PVQ","Poor water solubility.",0,"not bitter"
"KQG","Good water solubility.",0,"not bitter"
"AFL","Poor water solubility.",0,"not bitter"
"GPD","Good water solubility.",1,"bitter"
"QFY","Poor water solubility.",0,"not bitter"
"FYQ","Poor water solubility.",0,"not bitter"
"YQL","Poor water solubility.",0,"not bitter"
"WYY","Poor water solubility.",1,"bitter"
"PFT","Poor water solubility.",1,"bitter"
"FTE","Good water solubility.",1,"bitter"
"TES","Good water solubility.",1,"bitter"
"ESQ","Good water solubility.",0,"not bitter"
"SLT","Poor water solubility.",0,"not bitter"
"LTL","Poor water solubility.",1,"bitter"
"SWM","Poor water solubility.",0,"not bitter"
"VLS","Poor water solubility.",1,"bitter"
"MKQ","Good water solubility.",0,"not bitter"
"PDA","Good water solubility.",1,"bitter"
"SGP","Good water solubility.",0,"not bitter"
"APL","Poor water solubility.",0,"not bitter"
"PAE","Good water solubility.",0,"not bitter"
"KVK","Good water solubility.",0,"not bitter"
"EKT","Good water solubility.",0,"not bitter"
"KTT","Good water solubility.",0,"not bitter"
"ESG","Good water solubility.",1,"bitter"
"VES","Good water solubility.",1,"bitter"
"EVE","Good water solubility.",1,"bitter"
"DEE","Good water solubility.",1,"bitter"
"KDE","Good water solubility.",0,"not bitter"
"NGG","Poor water solubility.",0,"not bitter"
"RDM","Good water solubility.",0,"not bitter"
"NYY","Poor water solubility.",0,"not bitter"
"NED","Good water solubility.",1,"bitter"
"EDT","Good water solubility.",1,"bitter"
"DTP","Good water solubility.",1,"bitter"
"YYQ","Poor water solubility.",0,"not bitter"
"DNE","Good water solubility.",1,"bitter"
"PAL","Poor water solubility.",0,"not bitter"
"QRD","Good water solubility.",0,"not bitter"
"GDG","Good water solubility.",0,"not bitter"
"GLQ","Poor water solubility.",1,"bitter"
"EVG","Good water solubility.",1,"bitter"
"VGY","Poor water solubility.",1,"bitter"
"KDQ","Good water solubility.",0,"not bitter"
"DQP","Good water solubility.",0,"not bitter"
"DAW","Good water solubility.",0,"not bitter"
"AWP","Poor water solubility.",0,"not bitter"
"YGD","Good water solubility.",1,"bitter"
"MTT","Poor water solubility.",0,"not bitter"
"ESL","Good water solubility.",1,"bitter"
"TTF","Poor water solubility.",0,"not bitter"
"TFT","Poor water solubility.",0,"not bitter"
"FTW","Poor water solubility.",0,"not bitter"
"ALD","Good water solubility.",1,"bitter"
"LDP","Good water solubility.",1,"bitter"
"DPL","Good water solubility.",0,"not bitter"
"LPT","Poor water solubility.",0,"not bitter"
"NNA","Good water solubility.",1,"bitter"
"SIT","Poor water solubility.",0,"not bitter"
"ITR","Good water solubility.",0,"not bitter"
"VSE","Good water solubility.",1,"bitter"
"PSE","Good water solubility.",1,"bitter"
"SER","Good water solubility.",0,"not bitter"
"EED","Good water solubility.",1,"bitter"
"TRI","Good water solubility.",0,"not bitter"
"HQG","Poor water solubility.",0,"not bitter"
"QGL","Poor water solubility.",0,"not bitter"
"QEV","Good water solubility.",1,"bitter"
"LNE","Good water solubility.",0,"not bitter"
"PEK","Good water solubility.",0,"not bitter"
"VPE","Good water solubility.",1,"bitter"
"RIN","Good water solubility.",0,"not bitter"
"INK","Good water solubility.",0,"not bitter"
"FFE","Good water solubility.",1,"bitter"
"FEE","Good water solubility.",1,"bitter"
"GDS","Good water solubility.",1,"bitter"
"DSG","Good water solubility.",1,"bitter"
"HPI","Poor water solubility.",0,"not bitter"
"PIK","Good water solubility.",0,"not bitter"
"LHS","Poor water solubility.",0,"not bitter"
"HSM","Poor water solubility.",0,"not bitter"
"LSL","Poor water solubility.",1,"bitter"
