"desc","gcnprediction","solubility"
"IAEQE",1,"Good water solubility."
"LPF",1,"Poor water solubility."
"TPF",1,"Poor water solubility."
"QPF",0,"Poor water solubility."
"TAEQE",1,"Good water solubility."
"GPPGGFF",1,"Poor water solubility."
"LAEQE",1,"Good water solubility."
"AAEQE",1,"Good water solubility."
"IDEE",1,"Good water solubility."
"QE",1,"Good water solubility."
"VAEQ",0,"Good water solubility."
"RDPQP",0,"Good water solubility."
"KGPPGGFF",1,"Poor water solubility."
"IYPFPGPIPNS",1,"Poor water solubility."
"QGPPGGFF",1,"Poor water solubility."
"LAE",1,"Good water solubility."
"DAESQ",1,"Good water solubility."
"QGLGGAG",0,"Poor water solubility."
"TAEQ",0,"Good water solubility."
"GDGFLV",0,"Poor water solubility."
"TGPPGGFF",1,"Poor water solubility."
"IGPA",0,"Poor water solubility."
"RDPQYL",0,"Good water solubility."
"FEPFWGF",1,"Poor water solubility."
"QDPDTNEWH",1,"Good water solubility."
"MTGMSKTGNCRIGFNILLGQ",0,"Poor water solubility."
"SALPQE",0,"Good water solubility."
"GFL",1,"Poor water solubility."
"EDEN",1,"Good water solubility."
"PD",1,"Good water solubility."
"RAPF",0,"Good water solubility."
"PAE",0,"Good water solubility."
"VPL",0,"Poor water solubility."
"VAEQD",0,"Good water solubility."
"VGE",1,"Good water solubility."
"SPF",0,"Poor water solubility."
"IGE",1,"Good water solubility."
"ALEQ",1,"Good water solubility."
"TEEQ",1,"Good water solubility."
"AAE",0,"Good water solubility."
"GPW",1,"Poor water solubility."
"AEE",1,"Good water solubility."
"QDRPHSGFL",0,"Good water solubility."
"FEE",1,"Good water solubility."
"HPF",0,"Poor water solubility."
"TDEE",1,"Good water solubility."
"GPAFI",0,"Poor water solubility."
"IDE",1,"Good water solubility."
"PAEG",1,"Good water solubility."
"EVE",1,"Good water solubility."
"DAE",1,"Good water solubility."
"FGPPP",1,"Poor water solubility."
"VEH",0,"Good water solubility."
"LEE",1,"Good water solubility."
"VDEF",1,"Good water solubility."
"GPL",0,"Poor water solubility."
"YGLP",0,"Poor water solubility."
"LDL",1,"Good water solubility."
"WGG",1,"Poor water solubility."
"FPFPGPIPNS",1,"Poor water solubility."
"EPF",1,"Good water solubility."
"CAEQ",0,"Good water solubility."
"ADEE",1,"Good water solubility."
"LAEQ",1,"Good water solubility."
"IDEV",1,"Good water solubility."
"VAG",0,"Poor water solubility."
"RDG",0,"Good water solubility."
"RGPPGGFV",1,"Poor water solubility."
"VC",0,"Poor water solubility."
"RDPAPPF",1,"Good water solubility."
"YNFPGA",0,"Poor water solubility."
"RGPPSFL",1,"Good water solubility."
"GPPFHL",1,"Poor water solubility."
"IDPDETIGG",1,"Good water solubility."
"NPAAMNPF",0,"Poor water solubility."
"MGVKHLFFPGAPFTNS",0,"Poor water solubility."
"IAEQ",0,"Good water solubility."
"VAGL",0,"Poor water solubility."
"YPFPGPIP",1,"Poor water solubility."
"WPFPGPIPNS",1,"Poor water solubility."
"TDEQ",1,"Good water solubility."
"SALPQ",0,"Poor water solubility."
"NAL",1,"Poor water solubility."
"YPFPGPVPNS",1,"Poor water solubility."
"LGFPH",0,"Poor water solubility."
"TDEQE",1,"Good water solubility."
"LADVE",1,"Good water solubility."
"LGPPP",1,"Poor water solubility."
"RQPF",0,"Good water solubility."
"LPW",0,"Poor water solubility."
"VVEQ",1,"Good water solubility."
"IAEQD",0,"Good water solubility."
"WPF",1,"Poor water solubility."
"KALPL",0,"Good water solubility."
"IDEM",1,"Good water solubility."
"IDEG",1,"Good water solubility."
"KDPVPGPFF",1,"Good water solubility."
"KLKQA",0,"Good water solubility."
"IDFEQK",1,"Good water solubility."
"KEVPQLPPPQQQ",0,"Good water solubility."
"KALPQ",0,"Good water solubility."
"RPY",1,"Good water solubility."
"KAP",0,"Good water solubility."
"DAEG",1,"Good water solubility."
"FKEPA",0,"Good water solubility."
"PDEA",1,"Good water solubility."
"KLP",0,"Good water solubility."
"NALPQE",0,"Good water solubility."
"VADQE",1,"Good water solubility."
"VDEE",1,"Good water solubility."
"QALPQE",0,"Good water solubility."
"SGLGG",1,"Poor water solubility."
"GPA",0,"Poor water solubility."
"IDEQ",1,"Good water solubility."
"LYPFPGPIPNS",1,"Poor water solubility."
"IGG",1,"Poor water solubility."
"RPL",0,"Good water solubility."
"IGEG",1,"Good water solubility."
"KI",0,"Good water solubility."
"YYPFPGPIPNS",1,"Poor water solubility."
"KH",1,"Good water solubility."
"CW",0,"Poor water solubility."
"QDPR",0,"Good water solubility."
"KDNEHPMA",0,"Good water solubility."
"HVVVP",1,"Poor water solubility."
"HNIPTERG",0,"Good water solubility."
"NW",0,"Poor water solubility."
"QDNPHPGPS",0,"Good water solubility."
"SPPF",1,"Poor water solubility."
"WGLP",0,"Poor water solubility."
"TEV",1,"Good water solubility."
"RDAV",0,"Good water solubility."
"RDEEL",1,"Good water solubility."
"KDLPPGF",1,"Good water solubility."
"SDPHSGH",0,"Good water solubility."
"GDLHNVP",0,"Good water solubility."
"IPL",0,"Poor water solubility."
"HED",1,"Good water solubility."
"IPF",1,"Poor water solubility."
"LPPTD",1,"Good water solubility."
"TPLPGGH",0,"Poor water solubility."
"EGGLGG",1,"Good water solubility."
"NPQTQPF",0,"Poor water solubility."
"PAEQ",0,"Good water solubility."
"KEEFPGA",0,"Good water solubility."
"RGPPGGFI",1,"Poor water solubility."
"FGEPGA",0,"Good water solubility."
"TEI",1,"Good water solubility."
"HAEQE",0,"Good water solubility."
"PDEEGNPL",1,"Good water solubility."
"GDFF",1,"Good water solubility."
"PGPFH",1,"Poor water solubility."
"TVEQE",1,"Good water solubility."
"HALPQE",0,"Good water solubility."
"YDQSVPLA",0,"Poor water solubility."
"AAEQ",0,"Good water solubility."
"TLPQVF",0,"Poor water solubility."
"APF",0,"Poor water solubility."
"LGAA",0,"Poor water solubility."
"GPPG",1,"Poor water solubility."
"IAQQ",0,"Poor water solubility."
